"","name","point","summary","dev","genre"
"1","Disco Elysium: The Final Cut","97","Disco Elysium - The Final Cut is the definitive edition of the smash-hit RPG. Pursue your political dreams in new quests, meet and question more of the city's locals, and explore a whole extra area. Full voice-acting, controller support, and expanded language options also included. Get even more out of this award-winning open world. You're a detective with a unique skill system at your disposal and a whole city block to carve your path across. Interrogate unforgettable characters, crack murders, or take bribes. Become a hero or an absolute disaster of a human being.","ZA/UM","Role-Playing"
"2","Forza Horizon 5","91","Your Ultimate Horizon Adventure awaits! Explore the vibrant and ever-evolving open world landscapes of Mexico with limitless, fun driving action in hundreds of the world’s greatest cars. ","Playground Games","Racing"
"3","Chicory: A Colorful Tale","90","Something terrible happened. Chicory, superstar artist and wielder of the Brush, is missing, and all the color in the land vanished with her. It's up to you, Chicory's number one fan, to pick up the Brush and fill in for her. It's a big job but you're ready for it! Probably! Chicory: A Colorful Tale is a top-down adventure game in a coloring book world where you can draw on anything. Use your painting powers to explore new places, solve puzzles, help your friends, and change the world!","Greg Lobanov","Adventure"
"4","Psychonauts 2","89","Razputin Aquato, trained acrobat and powerful young psychic, has realized his life long dream of joining the international psychic espionage organization known as the Psychonauts! But these psychic super spies are in trouble. Their leader hasn't been the same since he was kidnapped, and what's worse, there's a mole hiding in headquarters. Raz must use his powers to stop the mole before they execute their secret plan--to bring the murderous psychic villain, Maligula, back from the dead.","Double Fine Productions","Action"
"5","Streets of Rage 4: Mr. X Nightmare","88","The fight continues in Wood Oak City. After the events of Streets of Rage 4, our heroes wanted to prepare themselves for future threats. Axel, Blaze and their mates will start a very special deranged training with the help of Dr. Zan, who built an AI program from the remnants of Mister X’s brain that simulates every kind of danger they could be facing. With this new DLC, get ready for: • 3 new playable characters • A new Survival mode with weekly challenges • Character customization: build your own fighting style with new moves • New weapons and enemies!","Lizardcube","Action"
"6","It Takes Two","88","From Hazelight comes It Takes Two an innovative co-op adventure where uniquely varied gameplay and emotional storytelling intertwine in a fantastical journey. Founded to push the creative boundaries of what's possible in games, Hazelight is the award-winning studio behind the critically acclaimed A Way Out and Brothers: A Tale of Two Sons.Something out of the ordinaryBring your favorite co-op partner and together step into the shoes of May and Cody. As the couple is going through a divorce, through unknown means their minds are transported into two dolls which their daughter, Rose, made to represent them. Now they must reluctantly find a way to get back into their bodies, a quest which takes them through the most wild, unexpected and fantastical journey imaginable.","Hazelight","Action Adventure"
"7","Hitman 3","87","Death Awaits HITMAN 3 is the dramatic conclusion to the World of Assassination trilogy and takes players around the world on a globetrotting adventure to sprawling sandbox locations. Agent 47 returns as a ruthless professional for the most important contracts of his entire career.Supported by his Agency handler, Diana Burnwood, 47 joins forces with his long-lost friend Lucas Grey. Their ultimate mission is to eliminate the partners of Providence, but they are forced to adapt as their hunt intensifies. When the dust settles, 47 and the world he inhabits will never be the same again. Top of the WorldEvery mission location in HITMAN 3 is meticulously detailed and packed full of creative opportunities. Players will have unrivalled freedom to complete their objectives and the game world will react to everything they do. A Platform of Assassination The World of Assassination trilogy is fully realised with HITMAN 3 as the ultimate place to play all three games. Players of previous HITMAN games will be pleased to know that it will be possible to 'import' locations that they own from the previous two HITMAN games into HITMAN 3, essentially putting all 20+ locations from the entire trilogy in one place.
Playing the entire trilogy from beginning to end, from within HITMAN 3, also means that the progression systems in HITMAN 3 work across all locations. You can unlock an item in Dubai and take it with you to Paris, for example. HITMAN 2 players will have the option to carry over their hard-earned unlocks and progression into HITMAN 3.","Io Interactive","Action Adventure"
"8","Wildermyth","87","We call Wildermyth a myth-making tactical RPG. It empowers you to craft iconic characters who grow through deep, rewarding battles and interactive storytelling.
","Worldwalker Games","Role-Playing"
"9","Deathloop","86","If at first you don't succeed Die, Die Again. From the team at Arkane Lyon comes an innovative take on first-person action. ""DEATHLOOP"" transports players to the lawless island of Blackreef in an eternal struggle between two extraordinary assassins. Explore stunning environments and meticulously designed levels in an immersive gameplay experience that lets you approach every situation any way you like. Hunt down targets all over the island in an effort to put an end to the cycle once and for all, and remember, if at first you don't succeed die, die again.","Arkane Studios","Action Adventure"
"10","Mass Effect Legendary Edition","86","For many months now, our team at BioWare has been hard at work updating the textures, shaders, models, effects and technical features of three enormous games. Our goal was not to remake or reimagine the original games, but to modernize the experience so that fans and new players can experience the original work in its best possible form. It's been amazing to see the adventures of Commander Shepard take on new life in super-sharp resolution, faster framerates, and beautiful visual enhancements. 

Mass Effect Legendary Edition will include single-player base content and DLC from Mass Effect, Mass Effect 2, and Mass Effect 3, plus promo weapons, armors, and packs - all remastered and optimized for 4k Ultra HD. It will be available in Spring 2021 for Xbox One, PlayStation 4, and PC, with forward compatibility and targeted enhancements on Xbox Series X and PlayStation 5.","BioWare","Miscellaneous"
"11","Nioh 2: The Complete Edition","86","Battle hordes of yokai in this masocore Action RPG. Create your protagonist and embark on an adventure through a myriad of locales across Japan during the Sengoku period. Utilize the new Yokai Shift ability to defeat even the most ferocious yokai and be prepared to brave through Dark Realms created by your enemies.
","Team Ninja","Role-Playing"
"12","Mini Motorways","86","Have you ever been stuck in traffic and wished you could do something to fix it?In Mini Motorways, the city's traffic problems are in your hands.From the makers of Mini Metro, Mini Motorways is a game about drawing the roads that drive a growing city. Build a road network, one road at a time, to create a bustling metropolis. Redesign your city to keep the traffic flowing, and carefully manage upgrades to meet the changing demands. How long can you keep the cities of the world moving?","Dinosaur Polo Club","Strategy"
"13","Football Manager 2022","86","M22 brings new, progressive ways to find that winning edge, instil your footballing style and earn it for the fans. Pack includes an FM 'Coaching Planner' to take your tactical planning and squad building to the next level. Football isn't just about winning - it's about overcoming the odds and earning your success. Fighting your way to the top or clawing your way back from the brink; these are the moments that taste sweetest. In Football Manager 2022, you're the architect of your club's destiny - the fans' fortunes rest with you. Prevail in the moments that matter to turn their dreams into reality and earn your place alongside the managerial greats. ","Sports Interactive","Sports"
"14","ENDER LILIES: Quietus of the Knights","86","ENDER LILIES is a dark fantasy 2D Action RPG about unraveling the mysteries of a destroyed kingdom. On this sorrowful path, encounter horrific enemies against whom a moment of inattention could be fatal. Overcome the hardships of your journey and reach the truth with the fallen knights.","Live Wire","Action Adventure"
"15","F1 2021","86","Every story has a beginning in F1® 2021, the official videogame of the 2021 FIA FORMULA ONE WORLD CHAMPIONSHIP™. Enjoy the stunning new features of F1® 2021, including the thrilling story experience ‘Braking Point’, two-player Career, and get even closer to the grid with ‘Real-Season Start’.","Codemasters","Racing"
"16","Metro Exodus: Complete Edition","85","For PC players, we’re taking advantage of our new Fully Ray Traced Lighting Pipeline and the latest GPU-capable hardware from NVIDIA and AMD to offer the ultimate Ray Traced experience – the Metro Exodus PC Enhanced Edition. This upgrade is so extensive, it will require a Ray Tracing capable GPU as the minimum spec, and we will need to deliver this version as a separate product – it is not a simple ‘patch’ to the base game – instead it will be offered as an extra entitlement to all existing Metro Exodus PC players.","4A Games","Action"
"17","Final Fantasy IV Pixel Remaster","85","FINAL FANTASY IV delivers one of the richest and most powerful stories in the series. It's filled with characters and scenarios that fans continue to love to this day.It focuses on the dark knight Cecil, who finds himself stripped of his position and rank when he questions his king's increasingly troubling orders. When he's sent on a simple delivery mission with his friend Kain, the shocking events that follow send him and a group of allies on an incredible journey of betrayal, love and redemption.This is the first game to feature the Active Time Battle (ATB) system, which combines turn-based and real-time elements to create fast-paced and strategic combat.","Square Enix","Role-Playing"
"18","Death's Door","85","Reaping souls of the dead and punching a clock might get monotonous but it's honest work for a Crow. The job gets lively when your assigned soul is stolen and you must track down a desperate thief to a realm untouched by death - where creatures grow far past their expiry and overflow with greed and power. Talon Sharp Combat:  Utilise melee weapons, arrows and magic to overcome a fantastic array of beasts and demigods. Mistakes are punished and victory is rewarded. Gain an edge by customising your character stats and mastering the abilities and upgrades you obtain.
A Beautifully Bleak World: Venture beyond the Doors and explore a land full of twisted inhabitants and countless secrets, bringing hope to the weird and wonderful characters you’ll meet along the way.
A Dark Mystery to Unravel: Track down and defeat colossal tyrants with stories and motivations of their own. Experience a somber yet darkly comedic tale, uncovering the truths behind the flow of souls, the role of the Crows and the origin of the Doors.","Acid Nerve","Action Adventure"
"19","Inscryption","85","Inscryption is an inky black card-based odyssey that blends the deckbuilding roguelike, escape-room style puzzles, and psychological horror into a blood-laced smoothie. Darker still are the secrets inscrybed upon the cards... ","Daniel Mullins Games","Strategy"
"20","The Forgotten City","84","The Forgotten City is a mystery adventure game of exploration and deduction. Travel 2,000 years into the past and relive the final days of a cursed Roman city, where if one person sins, everyone dies.  Combat is an option, but violence will only get you so far. Only by questioning an intertwined community of colourful characters, cleverly exploiting the time loop, and making difficult moral choices can you hope to solve this epic mystery. Here, your decisions matter. The fate of the city is in your hands.
","Modern Storyteller","Action Adventure"
"21","Tales of Arise","84","Challenge the Fate That Binds YouOn the planet Dahna, reverence has always been given to Rena, the planet in the sky, as a land of the righteous and divine. Stories handed down for generations became truth and masked reality for the people of Dahna. For 300 years, Rena has ruled over Dahna, pillaging the planet of its resources and stripping people of their dignity and freedom.Our tale begins with two people, born on different worlds, each looking to change their fate and create a new future. Featuring a new cast of characters, updated combat, and classic Tales of gameplay mechanics, experience the next chapter in the world-famous Tale of series, Tales of Arise.The Next ChapterExperience the next chapter in the Tales of series, brought to life in stunning HD powered by Unreal Engine 4Dynamic ActionDynamic Action RPG featuring an updated battle system that retains classic Tales of gameplayA New Tale AwaitsRich story featuring a vibrant world and new cast of charactersStunning VisualsHigh quality animation created by Ufotable","Bandai Namco Games","Role-Playing"
"22","The Legend of Tianding","84","The Legend of Tianding is a sidescrolling action game about Liao Tianding, the legendary Taiwanese Folk Hero. Explore the dazzling streets of Colonial Japanese Taiwan in the early 20th century.
","Neon Doctrine","Platformer"
"23","The Legend of Tianding","84","The Legend of Tianding is a sidescrolling action game about Liao Tianding, the legendary Taiwanese Folk Hero. Explore the dazzling streets of Colonial Japanese Taiwan in the early 20th century.","Neon Doctrine","Platformer"
"24","Guilty Gear -Strive-","84","“Guilty Gear -Strive-“ is the latest entry in the Guilty Gear fighting game franchise. Created by Daisuke Ishiwatari and developed by Arc System Works, “Guilty Gear -Strive-“ upholds the series’ reputation for groundbreaking hybrid 2D/3D cell-shaded graphics and intense, rewarding gameplay. There is a fully voiced story mode diving deep into the Guilty Gear universe, new characters joining fan favorites, and robust rollback net code. The cutting-edge 2D/3D hybrid graphics pioneered in the Guilty Gear series have been raised to the next level in “Guilty Gear -Strive-“. The new artistic direction and improve character animations will go beyond anything you’ve seen before in a fighting game!","Arc System Works","Action"
"25","Shovel Knight Pocket Dungeon","84","Delve with Shovel Knight into the depths of the Pocket Dungeon in an action-packed puzzle adventure mashup like none other. Delve with Shovel Knight into the depths of the Pocket Dungeon in an action-packed puzzle adventure mashup like none other! Join your mysterious guide Puzzle Knight as you shovel through scads of foes, procure new equipment, and battle bosses both familiar and new. Explore a tale with endless twists and turns, quest as your favorite heroes, and even challenge a friend for fast-paced head-to-head competition in Shovel Knight Pocket Dungeon!
Enter a world of falling block puzzle games, with a dungeon-crawling twist! Bump into enemies to battle them and trade damage in a unique combat system. An all-new hybrid that’s never been seen before. Group foes together for massive chain attacks while grabbing keys, power-ups, and potions to refill your health!
  Take control of more than 10 of your favorite heroes from the Shovel Knight universe, each with a unique power and play style.
  Take control of more than 10 of your favorite heroes from the Shovel Knight universe, each with a unique power and play style.
  Equip yourself on the fly with a treasure trove of items and equipment. Mix and match your loadout to prepare for any encounter.
  Play in a variety of ways with Story Mode, 2 player competitive Versus Mode, a Daily Challenge, and much more!
  A bold new visual style complements a new story. Learn the ropes from your pal Puzzle Knight as you attempt to escape the mysterious Pocket Dungeon. Shovel Knight’s signature storytelling and humor are on full display!
  Using your Shovel Knight series Amiibo allows you to call upon a familiar fairy friend to keep you company on your perplexing puzzle adventure!","Vine","Puzzle"
"26","Everhood","84","An UNCONVENTIONAL ADVENTURE RPG that takes place in an inexpressible world filled with amusing musical battles and strange delightful encounters. To put it simply: You are in for a ride.","Foreign Gnomes","Action Adventure"
"27","Unpacking","84"," Unpacking is a zen puzzle game about the familiar experience of pulling possessions out of boxes and fitting them into a new home. Part block-fitting puzzle, part home decoration, you are invited to create a satisfying living space while learning clues about the life you’re unpacking. ","Witch Beam","Puzzle"
"28","Griftlands","84","Griftlands is a deck-building rogue-like where you fight and negotiate your way through a broken-down sci-fi world.","Klei Entertainment","Role-Playing"
"29","Fuga: Melodies of Steel","84","""We have to fight! If we don't, everyone we love will be taken away!"" One fateful night, a peaceful village is thrown into the flames of war. Determined to save their families, a group of children boards a giant tank and begins an offensive charge! Fuga: Melodies of Steel is an RPG where you place children, each with their own unique characteristics and skills, at different gun turrets in a tank to fight against the enemy.
Living inside the tank, the children show emotion and gain affinity amongst each other. Manage these both to change the outcome of their journey!
-A mysterious ancient weapon: The Taranis
Taranis, the giant tank sheltering the children, conceals many mysteries and somehow seems to have its own will. In situations of crisis, it can release a forbidden weapon, the dreadful Soul Cannon.
-Your adventure. Your choices.
Will you make sacrifices for victory? Or will you seek another path?
In this RPG, many choices have to be made in order to progress...but taking the safest road may not always be the best option. 

Faced with a desperate situation, what course of action will you choose?","CyberConnect2","Role-Playing"
"30","The Darkside Detective: A Fumble in the Dark","84"," Delouse your room with sage and pack up your travel-sized ouija board, it’s time to re-enter Twin Lakes - America’s 34th most haunted city. Join Detective McQueen as he puzzles his way through 6 chilling cases, risking life and pixelated limb to solve the macabre mysteries that plague the poor town. ","Spooky Doorway","General"
"31","Unsighted","84","The few androids that remain are running out of Anima, the energy that gives all robots consciousness. It’s up to you, Alma, to save your friends from becoming Unsighted. Explore the vast ruins of Arcadia, using every tool you can find. Time is ticking. They need you.","Studio Pixel Punk","Role-Playing"
"32","Archvale","84"," Take up your weapon in this RPG bullet-hell world and embark on a journey to right wrongs from long ago. Only you can defeat the evil forces of the Undying guardians and reunite the world with the fabled Archvale. ","idoz & phops","Action"
"33","I Expect You To Die 2: The Spy And The Liar","83","Well, Agent, it looks like the Zoraxis organisation is up to their old tricks with a new scheme for world domination. It's up to you to expose their diabolical plot and put a stop to it.
Putting your telekinetic abilities and problem solving skills to the ultimate test, you'll once again be risking your life to solve dastardly puzzles and decipher secret codes in all-new highly interactive environments and surroundings.
Are you expected make it out alive? Of course not, you're expected to die!","Schell Games","Adventure"
"34","Crash Bandicoot 4: It's About Time","83","It's About Time - for a brand-wumping new Crash Bandicoot game! Crash fourward into a time shattered adventure with your favorite marsupials.Neo Cortex and N. Tropy are back at it again and launching an all-out assault on not just this universe, but the entire multiverse! Crash and Coco are here to save the day by reuniting the four Quantum Masks and bending the rules of reality.New abilities? Check. More playable characters? Yep. Alternate dimensions? Obviously. Ridonkulous bosses? For sure. Same awesome sauce? You bet your sweet jorts. Wait, are they actually jorts? Not in this universe!","Toys for Bob","Action"
"35","Outer Wilds: Echoes of the Eye","83","A strange satellite photo that can’t be explained. A new museum exhibit that marks the trailhead for one last journey into the wilds. Should you pull at the thread and unravel the solar system’s deepest secret, or is some knowledge better left in the dark? Welcome to the Space Program! You're the newest recruit of Outer Wilds Ventures, a fledgling space program searching for answers in a strange, constantly evolving solar system. What lurks in the heart of the ominous Dark Bramble? Who built the alien ruins on the Moon? Can the endless time loop be stopped? Answers await you in the most dangerous reaches of space.","Mobius Digital, LLC","Action Adventure"
"36","Shadow Tactics: Blades of the Shogun - Aiko's Choice","83","Set in Japan around the early Edo period, Aiko's Choice is a stealth strategy game that takes place within the story of Shadow Tactics: Blades of the Shogun. The expansion focuses on one of the main game's protagonists: the kunoichi adept Aiko. She is a master of camouflage and distracts enemies disguised as a Geisha.Although Aiko was certain that she left her old life behind her, Aiko's former sensei, the cunning spymaster Lady Chiyo, reappears from the shadows to challenge her. Together with her deadly companions she sets out to hunt down the ghosts of her past...","Mimimi Productions","Strategy"
"37","Little Nightmares II","83","Little Nightmares II is a suspense-adventure game in which you play as Mono, a young boy trapped in a world that has been distorted by a mysterious transmission from a distant signal tower. With Six, the girl in a yellow raincoat, Mono sets out to discover the dark secrets of The Signal Tower and save Six from her terrible fate; but their journey will not be easy as Mono and Six will face an array of new threats from the terrible residents of this world. Will you dare face this collection of new, little nightmares? PLAY A DARK, THRILLING, SUSPENSE ADVENTURE: A host of brand-new residents lie in wait to haunt your steps and disturb your sleep. Outsmart the sadistic teacher, survive the bloodthirsty hunter and flee from many more terrifying characters, as Mono and Six journey through this world together. DISCOVER A FANTASTICAL WORLD CORRUPTED BY THE SIGNAL TOWER: Escape a world that’s rotten from the inside. Your journey will take you from creepy woodlands to sinister schools on your way to the dreadful Signal Tower. Find the source of the evil that spreads through the TV screens of the world. AWAKEN YOUR INNER CHILD TO SAVE SIX FROM THE DARKNESS: Six is fading from this world, and her only hope is to journey with Mono to find what has afflicted her from the Signal Tower. In this world of unknown terrors, you are her only beacon of hope. Can you gather up the courage to fend off your tormenters, and work with Six to make sense of The Signal Tower? ","Tarsier Studios","Action Adventure"
"38","Kena: Bridge of Spirits","83","Kena: Bridge of Spirits is a story-driven action adventure set in a charming world rich with exploration and fast-paced combat. Players find and grow a team of tiny spirit companions called the Rot, enhancing their abilities and creating new ways to manipulate the environment.","Emberlab","Action Adventure"
"39","Trials of Fire","83","Trials of Fire is a single player, turn-based strategy game set in a post-cataclysmic fantasy realm.
","Whatboy Games","Strategy"
"40","The Riftbreaker","83","The Riftbreaker is a base-building, survival game with Action-RPG elements. You are an elite scientist/commando inside an advanced Mecha-Suit capable of dimensional rift travel. Hack & slash countless enemies. Build up your base, collect samples and research new inventions to survive. ","EXOR Studios","Role-Playing"
"41","Sunlight","83","Traverse a harmonious hand painted forest in this first person hike. The trees guide you with gentle whispers, as you explore a philosophical story.
","Krillbite Studio","Adventure"
"42","The Great Ace Attorney Chronicles","83","With all the fun and drama of the Ace Attorney series set against the backdrop of Victorian-era Britain and Japan, there's sure to be no ""Objection!"" to the adventures of Ryunosuke Naruhodo as he turns the courtroom upside down. Featuring an intriguing overarching mystery spanning across two games, it promises to be the most engrossing story in the series yet. [Capcom]","Capcom","Miscellaneous"
"43","Pathfinder: Wrath of the Righteous","83"," Embark on a journey to a realm overrun by demons in a new epic RPG from the creators of the critically acclaimed Pathfinder: Kingmaker. Explore the nature of good and evil, learn the true cost of power, and rise as a Mythic Hero capable of deeds beyond mortal expectations. ","Owlcat Games","Role-Playing"
"44","Resident Evil Village","83","The next generation of survival horror rises in the form of Resident Evil Village, the eighth major entry in the Resident Evil series. With ultra-realistic graphics powered by the RE Engine, fight for survival as danger lurks around every corner. Years after the tragic events of Resident Evil 7 biohazard, Ethan Winters has started over with his wife Mia, finally living in peace and putting the past behind them. However, Chris Redfield, the legendary hero from previous Resident Evil games, suddenly disrupts their life, throwing a devastated Ethan into a new and twisted nightmare in search of answers.","Capcom","Action Adventure"
"45","Demeo","83","RPG fans, unite… in virtual reality. A dark force has taken over the underworld in Resolution Games’ upcoming RPG dungeon crawler, Demeo, and it’s a world you’re not likely to survive alone. 
","Resolution Games","Strategy"
"46","The Eternal Cylinder","83","In The Eternal Cylinder, players control a herd of adorable creatures called Trebhums and must explore a strange alien world filled with exotic lifeforms, surreal environments, and the constant threat of the Cylinder, a gargantuan rolling structure of ancient origin which crushes everything in its path. This unique ecosystem is a massive, procedurally generated land with unique animal AI, real-time world destruction, and organic exploration and puzzle design to create emergent gameplay that ensures no two playthroughs are ever the same.Your Trebhums begin at the bottom of the natural food chain but can mutate and evolve with new physical attributes and abilities by eating a variety of flora and fauna. Discover and adapt dozens of mutations, including new traversal skills like flying and swimming to reach new areas, and new senses to help overcome puzzles, challenges and dangers. Your many Trebhums can each have different mutations, and new mutations don't replace ones you already have, letting you stack ability sets in dynamic ways. Each mutation will also change the physical look of a Trebhum and stacking these will generate near countless surprising new creature designs which players will be able to organically discover as they explore this unique alien ecosystem. Game Features:* Unforgettable Alien World to explore: Players must explore a gorgeous procedurally generated world which is populated with unforgettable vistas and unique landscapes which have something new to discover around every corner. The Eternal Cylinder features an open-world which allows players to reach and explore any areas which they can see on the horizon. This encourages constant exploration and ensures that there's always something new to see. * Real-Time World Destruction: Everything in the world can be destroyed in real-time by The Eternal Cylinder, so players must continuously evade its destructive path in order to survive whilst marveling at the visual splendor of its godlike power.Story Driven Open-World Survival: Unlike many open-world survival titles, The Eternal Cylinder features a deep and engrossing story for players to uncover as they continue to explore the vast world. The game explores themes of family and heritage, and the lasting power of knowledge.* Build Your Own Alien Family: Unlike standard survival games where you have a main shelter that you can build or improve, in Eternal Cylinder players develop a nomadic herd of unique alien creatures called Trebhums. Players control one Trebhum from the herd at a time and the rest follow (Al controlled) but players can switch to any individual member of their herd at will. Explore the world to rescue more of your brethren and continuously expand your family. Control a herd which can grow to more than 20 members at any given time and imbue each of your Trebhums with their own unique mutations and skill sets. Players can create a custom name for each of their Trebhum, increasing the emotional bond between player and their Trebhum family. * Unique Mutation System: Although Trebhum's are generally frail and start their lives at the very bottom of the world's food chain, they have the unique ability to mutate and unlock new skills by consuming natural edibles which populate the game world. So, players must explore and experiment with a vast array of fruits, flora and alien creatures to unlock new powers and gameplay options. * 50+ Mutations to discover: Players can unlock more than 50+ unique mutations as they explore the world, each one of which enable new gameplay options. These include new traversal options such as the ability to fly and swim, but also new offensive moves like the ability to spit fire and create loud warning noises. New mutations allow players to explore new areas and each mutation stacks thus creating a truly expansive skill set which is constantly evolving. * A Trebhum for everyone: Enjoy a virtually endless visual variety of Trebhum designs, as each mutation combine with one another to create surprising new creatures. This allows your herd to continue to evolve as players explore new areas and players can share the unique look of their Trebhum family with the rest of the world online. * Layered Survival: Players need to manage multiple layers of resources in order to be able to survive. These include hydration level, various temperatures each with their own impact and stamina. * Living and Breathing Ecosystems: The world of The Eternal Cylinder is populated with more than 30 memorable handcrafted alien creatures. These creatures vary greatly in size and range from those smaller than a Trebhum, all the way to skyscraper sized leviathans who dominate the horizon. Each of these creatures feature their own dedicated Al and behave in natural ways. Players must learn their unique behaviors and discover surprising ways to utilize the natural food chain to their advantage and interact with every creature. * Organic Puzzle Solving and Progression: The world of the Eternal Cylinder has been designed to empower players to organically solve its mysteries and progress without the need for obvious prompts and mission logs. This allows for fully immersive exploration which rewards players of every skill level, as the greater majority of the puzzles are not required for progression but do provide unique experiences. * 4 Unique Biodomes lo Discover ond Explore: Players can explore 4 unique biodomes including alien savannas and infected habitats, each with their own dedicated ecosystems and unique creatures to discover. * Truly Emergent Gameplay: The Eternal Cylinder's lush procedurally generated world, vast number of mutations to discover and unlock, unique creature Al system, living natural ecosystem, real-time world destruction and organically placed puzzles combine to create near endless possibilities for emergent gameplay and help to ensure that no two playthroughs will ever be there same.","ACE Team","Action Adventure"
"47","Halo Infinite","82","When all hope is lost and humanity’s fate hangs in the balance, the Master Chief is ready to confront the most ruthless foe he’s ever faced. Begin anew and step inside the armor of humanity’s greatest hero to experience an epic adventure and finally explore the scale of the Halo ring itself.","343 Industries","Action"
"48","Chivalry 2","82","Chivalry 2 is a multiplayer first person slasher inspired by epic medieval movie battles. Players are thrust into the action of every iconic moment of the era - from the thunder of cavalry charges, to storms of flaming arrows, sprawling castle sieges and more. Catapults tear the earth apart as players lay siege to castles, set fire to villages and slaughter filthy peasants in the return of grand Team Objective maps. Ride to war on horseback and claim glory by your blade. Are ye a heroic warrior, or a blood-soaked murderer? Keep fighting and gurgling out battlecries even when wounded, bleeding out and missing limbs.  Enhanced player expression brings thousands of hilarious new voice-lines and deep character customization. A revamped, faster and more fluid combat system offers an expanded range of creative choices, allowing players to perfect their playstyle. Immersive sound and effects ensure every blow lands with the sickening thud of steel sinking into bone.","Torn Banner Studios","Action"
"49","Kaze and the Wild Masks","82","Let 90's inspired platformer Kaze and the Wild Masks take you on a trip down memory lane as you side-scroll your way through the Crystal Islands. In the colorful world of Kaze, you face enraged living vegetables in a variety of ways thanks to the powers of the Wild Masks. Pounce ferociously like a tiger, soar through the sky like an eagle, sprint fiercely like a lizard, and rule the sea like a shark.Kaze and the Wild Masks embraces all the classic 90's platformer elements and gives it a personal touch with modern-looking pixel art graphics. With simple and intuitive mechanics, difficult challenges, iconic bosses, and the satisfyingly smooth platforming and speed of the game, you will find yourself hooked to accomplish everything.","Vox Game Studio","PixelHive"
"50","Rainbow Billy: The Curse of the Leviathan","82","Rainbow Billy: The Curse of the Leviathan is a wholesome, creature capture, 2.5D Adventure-Puzzle-Platformer with RPG elements. It is a family-friendly and openly accessible adventure in which you must save whimsical creatures by bringing back color to the world you once knew!
Rainbow Billy tells a universal coming of age story about dealing with changes in the world and accepting ourselves and the others around us! Sometimes it only takes a conversation, empathy, and a new point of view to make a world of a difference. EXPLORE A WONDROUS WORLD!
From dark caverns on secret islands to hidden coves off in the stormy seas, explore a rich world filled with treasure, fish (because every great game has a fishing minigame!), friendship and... danger!
SOLVE ENVIRONMENTAL PUZZLES!
Each world is filled with clever challenges and secrets that unlock new areas to explore!
BEFRIEND CURIOUS CREATURES!
Meet over 60 strange, lovable creatures and help them with their problems in non-violent encounters! Create your own unique team to save the day!
RECOLOR THE WORLD!
Restore color to a monochrome world and help your friends find the courage to be their true selves in a story about empathy and growth.","ManaVoid Entertainment Inc.","Action"
"51","Yakuza 6: The Song of Life","82","In Yakuza 6, Kazuma Kiryu will find out exactly how much people are willing to sacrifice for family -- be those ties through blood or bond -- when he investigates a series of shadowy events that involve the ones he holds closest to his heart. Fresh out of a three-year prison sentence, an older and weathered Kiryu comes to find out that his surrogate daughter, Haruka, has gone missing from the orphanage he looks after. The trail leads him to his old stomping grounds in Kamurocho, where he discovers that she has been struck by a car and now lies in a coma. To make matters worse, Kiryu learns that Haruka now has a son that he must look after. With baby in hand, Kiryu journeys to the seaside town of Onomichi, Hiroshima to unravel the truth about Haruka, her son, and a sinister secret that the Hiroshima yakuza are harbouring. From the unparalleled realism of the new setting of Onomichi, a beautiful, sleepy port town in Hiroshima Prefecture, to the latest evolution of Kamurocho, the biggest red-light district in Tokyo, Yakuza 6 is the ultimate iteration the game's blend of gritty crime story, hyper-explosive combat, and all the vices and distractions those locales have to offer.","Ryu ga Gotoku Studios","Action Adventure"
"52","Eastward","82","In the near-future, society is starting to collapse, and the human population is at an all-time low. A deadly toxic presence has spread across the land, destroying and devouring everything in its path.
Those who could escape the miasma flocked to underground villages to start a new life. But for a hardworking miner and a mysterious young girl, the hope of a thriving outside world beckons
Escape the tyrannical clutches of Sandfill's subterranean society and join Eastward's unlikely duo on an exciting adventure to the land above! 

Discover beautiful yet bizarre settlements and make new friends as you travel across the world by rail.","Pixpil","Role-Playing"
"53","Final Fantasy V Pixel Remaster","82","The world of FINAL FANTASY V is on the verge of destruction because the elemental crystals that bring life and prosperity to the lands have lost their power.The only hope lies in four heroes: Bartz, Princess Lenna of Castle Tycoon, pirate Faris and the mysterious Galuf. Driven together by fate, they set off on a quest that to save the planet itself.As well as refining the ATB system, FINAL FANTASY V expands your strategic options massively through a greatly expanded job system, which let you customize your characters with 22 different jobs.","Square Enix","Role-Playing"
"54","The Ramp","82","You crave for flow? You just want to shred through a halfpipe without all the boring stuff? Say no more, The Ramp is your jam!The Ramp captures the unparalleled feeling of real life vert skateboarding and that's pretty much it. There is a lot this game doesn't feature. What it offers you are the 15 minutes of flow that make a boring day great, at the price of a medium sized cinnamon pistachio latte to go.","Hyperparadise","Sports"
"55","Subnautica: Below Zero","82","Dive into a freezing underwater adventure on an alien planet. Set one year after the original Subnautica, Below Zero challenges you to survive a disaster at an alien research station on Planet 4546B. Craft tools, scavenge for supplies, and unravel the next chapter in the Subnautica story.
","Unknown Worlds Entertainment","Adventure"
"56","Tainted Grail: Conquest","82","Avalon is dying. King Arthur is long gone, and Knights of the Round Table are in disarray. Guardian Menhirs, the only thing that makes it possible for humans to survive in this remote land, are going dark. Your village chose its best and brightest and sent them on an epic quest to reach Kamelot, find the Grail, and save the land.You were not among them.They've never returned, and now it's your turn to lead a band of unlikely heroes, the only ones this land can still provide. These ordinary people set off far too late, under-equipped for the task ahead, and with little hope of success.Tainted Grail is a dark fantasy open-world RPG with fresh turn-based exploration and combat. It is based around deep, immersive story from one of the best and most innovative board games (biggest Kickstarter project of 2018!), but introduces a whole new experience crafted directly for PC.","Awaken Realms Digital","Role-Playing"
"57","Quake Remastered","82","The remastered version of Quake is here.","id Software","Action"
"58","Monster Hunter Stories 2: Wings of Ruin","82","Monster Hunter Stories 2: Wings of Ruin offers both RPG and Monster Hunter fans a unique new experience with a rich storyline featuring charming characters, challenging quests and friendly encounters with familiar monsters from the Monster Hunter series. Assuming the role of a young Monster Rider who can use a Kinship Stone to form strong bonds with monsters, players can gain experience and improve their skills to form deeper connections with these wonderful creatures. When ready, players can embark on memorable adventures filled with dramatic events and heartwarming friendships as the epic tale unfolds.","Capcom","Role-Playing"
"59","Loop Hero","82"," The Lich has thrown the world into a timeless loop and plunged its inhabitants into never ending chaos. Wield an expanding deck of mystical cards to place enemies, buildings, and terrain along each unique expedition loop for the brave hero. ","Four Quarters","Role-Playing"
"60","Ruined King: A League of Legends Story","82","Rise Against Ruin. Unite a party of League of Legends Champions, explore Bilgewater and set sail for the Shadow Isles to uncover the secrets of the deadly Black Mist. Developed by Airship Syndicate and featuring the art style of legendary comic book artist Joe Madureira, creators of Battle Chasers and Darksiders, Ruined King: A League of Legends Story is the first Riot Forge game that invites you to explore the League of Legends universe. In this immersive turn-based RPG, you will have the freedom to configure your party and control an unlikely group of League of Legends champions, explore the bustling city of Bilgewater and the mysterious Shadow Isles, and experience the Lane Initiative System. ","Airship Syndicate Entertainment","Role-Playing"
"61","Cyber Shadow","82"," The world has been taken over by synthetic lifeforms. A desperate plea for help sets Shadow, the sole survivor of his clan, on one last mission to uncover what started the path to perpetual ruin. ","Aarne ""MekaSkull"" Hunziker","Action"
"62","Doki Doki Literature Club Plus!","81","Welcome to the club! Write poems for your crush and experience the terror of school romance in this critically-acclaimed psychological horror story.
Enter the #1 Psychological Horror Experience!
Welcome to a terrifying world of poetry and romance! Write poems for your crush and erase any mistakes along the way to ensure your perfect ending. Now’s your chance to discover why DDLC is one of the most beloved psychological horror games of the decade!
You play as the main character, who reluctantly joins the Literature Club in search of a romantic interest. With every poem you write and every choice you make, you’ll charm your crush and begin to unfold the horrors of school romance. Do you have what it takes to crack the code of dating sims and get the perfect ending?
Now, the original mind-shattering DDLC experience is packed with tons of new features and content exclusive to Doki Doki Literature Club Plus!","Team Salvato","Adventure"
"63","Star Wars Pinball VR","81","For the first time ever, Star Wars Pinball surrounds us in virtual reality! Star Wars Pinball VR collects 8 AMAZING TABLES:The Mandalorian Star Wars Episode IV: A New Hope Star Wars Episode V: The Empire Strikes Back Star Wars Episode VI: Return of the Jedi Rogue One: A Star Wars StoryStar Wars RebelsMasters of the ForceClassic CollectiblesThe fully customizable FAN CAVE houses your ""virtual"" pinball table and items you earn. TOTAL IMMERSION MODE allows you to experience everything at table level. 360-DEGREE MINIGAMES surround you with iconic Star Wars set pieces.","Zen Studios","Action"
"64","GRIME","81","Destroy... Absorb... Grow... GRIME is a fast and unforgiving Action-Adventure RPG in which you crush your foes with living weapons that mutate form and function, and then consume their remains with a black hole to strengthen your vessel as you break apart a world of anatomical horror and intrigue.","Funnel Entertainment","Action"
"65","Life is Strange: True Colors","81","A bold new era of the award-winning Life is Strange begins, with an all-new playable lead character and a thrilling mystery to solve!Alex Chen has long suppressed her 'curse': the supernatural ability to experience, absorb and manipulate the strong emotions of others, which she sees as blazing, colored auras.When her brother dies in a so-called accident, Alex must embrace her volatile power to find the truth and uncover the dark secrets buried by a small town.","Deck Nine Games","Action Adventure"
"66","The Sims 4: Cottage Living","81","Delight in the quaint charm of The Sims 4 Cottage Living Expansion Pack with animal friends, garden-to-table meals, and a close-knit community. Explore the forest to befriend woodland creatures, or head to town to meet the locals. Whether Sims are hugging a cow, making friends (or enemies) with their chickens, or growing the biggest vegetables around, the countryside presents abundant new ways to reconnect with the world.","Maxis","Simulation"
"67","Boomerang X","81","Harness the power of a mystical boomerang to fling yourself through the air. Slice, fly, and blast through arenas swarming with evil creatures. Stay agile or meet your doom. 

Fight otherworldly forces and look cool doing it. Impress the boomerang with stylish tricks and it'll grant you stranger powers - powers that'll let you defeat the forces of the depths with greater ease. Kaspidae smiles upon you and your killer moves...","DANG!","General"
"68","Overboard!","81","GET AWAY WITH MURDER. Highly replayable detective game where you're the one whodunnit. From the creators of 80 Days and Heaven's Vault.
","inkle","Adventure"
"69","Silicon Dreams","81","It’s 2065, and you are an interrogator-model android tasked with rooting out deviants among your own kind. You must probe for lies, monitor and exploit emotional spikes, earn the trust of your subjects, and make the final call: release, or destroy?
","Clockwork Bird","Action"
"70","Age of Empires IV","81","The real-time strategy series returns to glory with Age of Empires IV, putting you at the center of epic historical battles that shaped the world. Featuring both familiar and innovative new ways to expand your empire in vast landscapes with stunning 4K visual fidelity, Age of Empires IV brings an evolved real-time strategy game to a new generation.
Return to History – The past is prologue as you are immersed in a rich historical setting of 8 diverse civilizations across the world from the English to the Chinese to the Delhi Sultanate in your quest for victory. Build cities, manage resources, and lead your troops to battle on land and at sea in 4 distinct campaigns with 35 missions that span across 500 years of history from the Dark Ages up to the Renaissance.
Choose Your Path to Greatness with Historical Figures – Live the adventures of Joan of Arc in her quest to defeat the English, or command mighty Mongol troops as Genghis Khan in his conquest across Asia. The choice is yours – and every decision you make will determine the outcome of history.
Customize Your Game with Mods – Available in Early 2022, play how you want with user generated content tools for custom games.
Challenge the World – Jump online to compete, cooperate or spectate with up to 7 of your friends in PVP and PVE multiplayer modes.
An Age for All Players – Age of Empires IV is an inviting experience for new players with a tutorial system that teaches the essence of real-time strategy and a Campaign Story Mode designed for first time players to help achieve easy setup and success, yet is challenging enough for veteran players with new game mechanics, evolved strategies, and combat techniques.","Relic","Strategy"
"71","Exo One","81","A strange signal… an alien craft… Exo One is an interplanetary, gravity-defying journey through space and time. Master a truly alien traversal system and move through enigmatic and desolate landscapes in ways you’ve never experienced. Use gravity and momentum to reach colossal speeds and exhilarating heights.","Exbleative","Simulation"
"72","Fights in Tight Spaces","81","A stylish blend of deck-building, turn-based tactics, and thrilling animated fight sequences in classic action-movie settings. Learn to balance your hand, momentum, and positioning to overcome the odds to defeat your adversaries. Build your deck, control the space and live to fight another day.
","Ground Shatter Ltd.","Strategy"
"73","Old World","80","Conquer the Old World in this historical, epic strategy game from Soren Johnson, Lead Designer of Civilization IV and Offworld Trading Company. Every year is a turn, and each leader is a mere mortal, so your lasting legacy will be the dynasty you leave behind.","Mohawk Games","Strategy"
"74","Dark Deity","80","Command legendary heroes to reshape a land fractured by broken oaths, reckless wars, and secret arcane powers. The technological and cultural achievements of a once-great civilization now lie locked inside the ruins of ancient temples throughout the world of Terrazael. Long after society's mighty history is snuffed out by a powerful and mysterious ""Calamity"", the people of Etlan teeter on the brink of total war.In a desperate attempt to bolster his recruit ranks, King Varic of the Kingdom of Delia expedites the graduation of all students at the Brookstead Military Academy, severing a pact that has stood for a thousand years. With the course of their future undemocratically derailed, these four ""graduates"" of the Brookstead Academy set out to leave their mark on this world.This is their story.","Sword & Axe LLC","Role-Playing"
"75","Skul: The Hero Slayer","80","The human race attacking the Demon King's castle is nothing new and has happened countless times before. What makes this time different though, is that the Adventurers decided to join forces with the Imperial Army and the 'Hero of Caerleon' to finally succeed in the total destruction of the Demon stronghold. All of the demons in the castle were taken prisoner except for one lone skeleton named 'Skul'.
Skul is no ordinary skeleton. In addition to his formidable fighting skills, he can gain new and exciting abilities depending on which skull he's wearing.Use up to 2 skulls at a time, each of which has its own unique attack range, speed and power. So choose ones that match your playing style and switch them in the heat of battle to bring your enemies to their knees. The power is in your hands!
Skul has crossed paths with a party of Adventurers! They are powerful foes that hunt Demons for sport. But while Skul may be small, he still packs quite a punch. So just see who really is the hunter and who is the hunted...","SouthPAW Games","Action"
"76","Impostor Factory","80","A bonkers time-loop tragicomedy murder mystery thriller featuring multiple casualties and a suspicious cat, from the creator of To the Moon & Finding Paradise.
","Freebird Games","Adventure"
"77","Dandy Ace","80","Dandy Ace is an over the top fast-paced roguelike experience that follows a fabulous magician seeking to combine and use his magical cards while fighting and looting his way to defeat the Green-Eyed Illusionist, Lele, who has imprisoned him in a cursed mirror. While battling your way through Lele’s ever changing palace, combine different cards with more than a thousand possibilities, each with their own playstyles and powers. Every run provides new challenges and combinations for players to explore as they progress closer to Lele. ","Mad Mimic","Action Adventure"
"78","The Artful Escape","80","The Artful Escape of Francis Vendetti is a video game about great expectations, famous folk singers, lingering shadows, space Gods, hallucinogens, individuality, reptile shops, and wild imaginations. It's an action, adventure, exploration, narrative driven, musical-laser-light-battle kind of game.","Beethoven & Dinosaur","Action Adventure"
"79","Final Fantasy Pixel Remaster","80","This is the ironically named game that started it all. You take control of the Warriors of Light, off on a journey to defeat four fiends and restore peace to the world.So many of the elements of the series that we've come to know and love make their debut right here in this very first entry: a massive world full of mystery, some iconic monster designs and that incredible music.","Square Enix","Role-Playing"
"80","Dreamscaper","80","A surreal, roguelite inspired ARPG with modernized hack'n'slash combat about lucid dreaming. Warp the dreamscape around you to battle a nightmarish depression that lives in a young woman’s subconscious. DREAM. DIE. WAKE. REPEAT.
","Afterburner Studios","Role-Playing"
"81","Knockout City","80","Rule the city through lightning-fast multiplayer matches featuring mind-blowing dodgeball mechanics. Increase your attack by passing to power up dodgeballs, targeting your opponents with a variety of specialized balls, or “balling up” at any time to get thrown by teammates. Assemble an All-Star dodgeball Crew with your friends for multiplayer matches in a seamless cross-play experience! Together, knock out opponents in 3v3, 4v4, or free-for-all matches. Pass, throw, and strategize to dominate as a team and unlock distinctive, Crew-only rewards. [Electronic Arts]","Velan Studios","Action"
"82","Diablo II: Resurrected","80","Diablo® II: Resurrected™ is a remastered version of the quintessential action RPG Diablo® II. Pursue the mysterious Dark Wanderer and fight the denizens of hell as you uncover the fate of the Prime Evils Diablo, Mephisto, and Baal. Features: Remastered graphics—monsters, heroes, items, spells, all resurrected. An epic story told through five distinct acts. Classic gameplay—the same Diablo II you know and love, preserved. Updated Battle.net support. Planned support for cross-progression—take your progress wherever you play. Diablo II: Resurrected includes all content from both Diablo II and its epic expansion Diablo II: Lord of Destruction®. Battle your way through icy caverns, horrific tombs filled with undead abominations, and frozen wastelands to the frigid summit of Mount Arreat and stop Baal, the Lord of Destruction. Raise hell with two Lord of Destruction playable classes—the cunning Assassin, master of traps and shadow disciplines, and the savage Druid, a bold shapeshifter and summoner who commands primal elemental magic.","Blizzard Entertainment","Role-Playing"
"83","Golf Club: Wasteland","80","Human life is wiped out. Earth is now a golf course for the ultra-rich. The rich fled to Mars but venture back to a desolate Earth for a round of golf. Each hole in the wasteland offers its own little story and possible puzzle to sink the perfect shot. Play through destroyed brutalist monuments, crumbling shopping malls, and abandoned museums as neon signs and poignant graffiti take swings at current events, Silicon Valley culture and humanity. Piece together the full story of how humanity fell through three distinct sources. Details from the lone golfer’s story, who's come back to Earth for one last game. The Radio Nostalgia From Mars broadcast that gives a glimpse into the lives of those who escaped. And the narration of a “secret spectator” watching from a distance...Be accompanied by a purposefully composed soundtrack as well as personal stories broadcasted on Radio Nostalgia From Mars. The station caters to citizens of Mars, nostalgic for Earth as they listen to music from the 2020s, and dial in to share their memories of the planet. A smooth-voiced radio DJ keeps the show flowing with updates and announcements hinting at a not-so-glamorous life on Mars. Three distinct modes mean every golfer can find something for their tastes. Casual players can focus just on the story and a relaxing scenic round of golf in Story Mode. Those looking for an extra challenge can beat each hole under par using skill and puzzle solving through Challenge Mode. While the total pros can try Iron Mode, where there’s almost zero room for error. Easy-to grasp controls and a minimalist UI underpin the whole game so anyone can easily pick up and play at their own pace. ","Demagog Studio","Adventure"
"84","NieR Replicant ver.1.22474487139...","80","Get ready to experience where the NieR series all began - NieR Replicant ver.1.22474487139...Set in a post-apocalyptic world, NieR Replicant ver.1.22474487139 is puts you in the role of the titular Nier, a young man on a quest to cure his sister Yonah of a deadly disease. What they discover will make them question everything they thought they knew The original NieR release has an interesting history. In Japan, there were two versions of the game: NieR Replicant and NieR Gestalt. NieR Replicant focused on Brother Nier and his sister Yonah. In NieR Gestalt, the main character was Father Nier, and Yonah his daughter. Only NieR Gestalt released in the West (under the name NIER) - so excitingly, this will be the first time many people will have played the Replicant version of the game","Toylogic Inc.","Role-playing"
"85","Essays on Empathy","80","A curated compilation of Deconstructeam's best efforts in seeking new narrative experiences in games. Explore 10 unique, offbeat tales including ""De Tres al Cuarto,"" a brand new short experience exclusive to the compilation about a couple of two-bit comedians trying to make it big.
","Deconstructeam","Action"
"86","Tails of Iron","80","Set in a grim land plagued by war, Tails of Iron is a hand-drawn RPG Adventure with punishingly brutal combat. As Redgi, heir to the Rat Throne, you must restore your broken Kingdom by banishing the merciless Frog Clan and their ferocious leader, Greenwart. As you explore the deceivingly charming world, you'll encounter a cast of unique companions, ready to aid you in your adventure. And you'll need all the help you can get, whether that's new meal recipes, blueprints to forge deadly weapons and armour, or even a land-chugging, armour-plated mole mobile! Overcome your fears. Rescue your brothers. Restore Your Kingdom. Your tail has begun. Master Brutal Combat: From frog zombies to gargantuan grubs - and everything in-between - the Kingdom is awash with danger. To overcome each perilous encounter, you'll need to study your opponent's attacks and react accordingly! Thankfully, there's a range of deadly abilities at your disposal, including parry bashes and fatal executions, not to mention ranged attacks with your nifty bow and arrow. Explore a Treacherous Kingdom: Fully accompanied by the deep, raspy narrations of Doug Cockle (voice of Geralt of Rivia from The Witcher), prepare to embark on an epic adventure across the mediaeval-fantasy Rat Kingdom. Complete side quests and faction hunts for some additional gold-on-the-side, or join forces with a sharp-eyed companion to help even the playing field. Customise your Attack: Adapt Redgi's combat style to the task at hand. Heavy armour may provide better protection but can you really afford to slow down your dodge-roll? And then there's the question of weapon; axes pack a punch, while spears are quick and nimble. Perhaps you'd prefer the all-round performance of a trusty broadsword? ","Odd Bug Studio","Role-Playing"
"87","Scarlet Nexus","79","Unleash the Power of the Mind - In a far distant future, a psionic hormone was discovered in the human brain, granting people extra-sensory powersand changing the world as we know it. Just as humanity was entering this new era, deranged mutants known as Others began to descend from the sky with a thirst for human brains. Highly resistant to conventional attack methods, extreme measures needed to be taken to battle the overwhelming threat and preserve humanity. Those with acute extra-sensory abilities, known as psionics, were our chance to fight the onslaught from above. To this day, psionics have been scouted for their talents and recruited to the Other Suppression Force (OSF), humanity's last line of defense.
Take on the role of Yuito Sumeragi, a new recruit to the OSF aiming to become an elite psionic like the one who saved him as a child. Armed with a talent in psycho-kinesis, explore the futuristic city of New Himuka and uncover the mysteries of a Brain Punk future caught between technology and psychic abilities in SCARLET NEXUS. 

KINETIC PSYCHIC COMBAT
Using psycho-kinetic abilities, the world around you becomes your greatest weapon. Lift, break and throw pieces of your environment to build your attack combos and lay waste to your enemies. 

EXTERMINATE THE OTHERS
Deranged mutants that descended from the sky, immune to conventional weapons and defenses. Tormented by the constant pain of their mutation, they seek brains of living organisms to calm their madness. 

DISCOVER A BRAIN PUNK FUTURE
Explore and protect a futuristic Japanese landscape that combines inspirations from classic anime and western science fiction. 

DEEP STORY DRIVEN EXPERIENCE
Dive into a complex story of bonds, courage and heroism crafted by minds behind the iconic Tales of Vesperia.","Bandai Namco Games","Action Adventure"
"88","LEGO Builder's Journey","79","LEGO Builder’s Journey is an atmospheric, geometric puzzle game that asks us to sometimes follow the instructions… and sometimes to break the rules. Take your time to experiment with free-form puzzle solving while immersing yourself in a poetic world of LEGO® bricks. Throughout the narrative, there will be ups and downs, challenges, and celebrations. Figuring out who we are and what we become is the Builder’s Journey. The LEGO brick world is brought to life with the most accurately rendered LEGO elements yet to feature on screens, including stunning ray tracing elements. ","Light Brick","Action"
"89","Time Loader","79","Time Loader is a story-driven, physics-based puzzle platformer with a twist. At the helm of a small robot, you'll travel back to the 90s to prevent a tragic accident. Explore the house of your creator, solve brain-teasing puzzles, acquire unique and powerful upgrades, and see common household items from an entirely new perspective!But remember: meddling with time has serious consequences. You may succeed in changing the past, but can you deal with the result of your actions?","Flazm","Adventure"
"90","Grow: Song of the Evertree","79","Over time, the Worlds of Alaria faded. The Evertree where many worlds resided on its countless branches is now nothing more than a sapling, its splendor long erased from memory. No one knows how to make it grow. But you are different. You hear the sun as it sings across the sky. You hear the language of rain against the earth. You are the last of the Everheart Alchemists and it is your ancestral task and privilege to care for the Evertree.Grow your own worlds and nurture a deep natural connection with everything they hold. See your actions change the world for better! Bring the Evertree back to life in this breathtaking world-crafting sandbox, with life management and adventure elements.","Prideful Sloth","Action Adventure"
"91","Gloomhaven","79","Whether you are drawn to Gloomhaven by the call of adventure or by an avid desire for gold glimmering in the dark, your fate will surely be the same. Gloomhaven, the digital adaptation of the acclaimed board game, mixes Tactical-RPG and dungeon-crawling.
","Flaming Fowl Studios","Strategy"
"92","Ocean's Heart","79","Ocean’s Heart is an epic top-down action RPG in which you explore a beautiful archipelago as a young woman named Tilia. Take on contracts to fight monsters, descend deep into ancient dungeons, defeat menacing foes, and unravel the mystery of Ocean’s Heart. All done in beautiful, bright pixel art.
","Max Mraz","Role-Playing"
"93","TOEM","79","Set off on a delightful expedition and use your photographic eye to uncover the mysteries of the magical TOEM in this hand-drawn adventure game. Chat with quirky characters, solve their problems by snapping neat photos, and make your way through a relaxing landscape!
","Something We Made","Adventure"
"94","Hell Let Loose","79","Hell Let Loose is a realistic World War Two first person shooter with open battles of 100 players with infantry, tanks, artillery, a dynamically shifting front line and a unique resource based strategic meta-game. This is World War Two at a scale you’ve never played before.
","Black Matter","Action"
"95","Shin Megami Tensei III: Nocturne HD Remaster","79","Reawaken your inner demon in a modernized version of the acclaimed ATLUS classic, Shin Megami Tensei III Nocturne HD Remaster. What begins as a normal day in Tokyo turns out to be everything but, when the Conception – an ethereal apocalypse – is invoked. The remains of the world are swallowed by chaos, as a demonic revolution descends into a broken city. Caught between a battle of Gods and demons, the choices you make can bring life, rebirth, or death, and determine who triumphs. This genre-defining, infamously punishing RPG is back and now includes:
Remastered 3D models and backgrounds
Additional difficulty settings for players of all skill levels
Suspend save -- save your progress whenever you need!
Voiced audio -- choose between Japanese and English VO
","Atlus","Role-Playing"
"96","Happy Game","79","A little boy falls asleep to a horrible nightmare. Can you make him happy again?Brand new psychedelic horror adventure from the creators of Botanicula and CHUCHEL.Endure and escape three unforgettable nightmares.Solve deeply disturbing puzzles in (not so) charming environments.Deal with suspicious smiley faces and pink bunnies.Creepy songs and screeches from the Czech freakfolk band DVA.","Amanita Design","Adventure"
"97","The Vale: Shadow of the Crown","79","CLOSE YOUR EYES. BECOME A WARRIOR: Feel your enemy’s rasping breath; a foot shifts on swampy ground; the crack of steel on wooden shield. The Vale is an audio based action adventure that sets out to breathe new life into medieval combat and fantasy narrative.
","Falling Squirrel","Action Adventure"
"98","Final Fantasy III Pixel Remaster","79","When darkness falls and the land is robbed of light, four young heroes are chosen by the crystals to head off an exciting journey across a vast and hostile land.This critically-acclaimed entry in the series innovated with a flexible job system, which lets characters change their roles in combat at any time. Many of the most famous elements of FINAL FANTASY started here too - for example, it was the first to introduce summons, including series mainstays Bahamut and Shiva!","Square Enix","Role-Playing"
"99","Crysis Remastered Trilogy","79","The classic first person shooter from Crytek is back with the action packed gameplay, sandbox world, and thrilling epic battles you loved the first time around. Crysis Remastered Trilogy includes each of the single player campaigns from the legendary first person shooters Crysis, Crysis 2, and Crysis 3, optimized for today's hardware. Relive the adventure in this great value all in one bundle.Features:* Crysis Remastered: What begins as a simple rescue mission becomes the battleground of a new war as alien invaders swarm over a chain of Lingshan islands. Playing as super soldier Nomad, you are armed with a powerful Nanosuit equipped with Speed, Strength, Armor, and Cloaking abilities. Use avast arsenal of modular weaponry and adapt your tactics and gear to dominate enemies in an enormous sandbox world.* Crysis 2 Remastered: Aliens have returned to a world ravaged by climate disasters. As the invaders lay waste to New York and begin an assault that threatens the total annihilation of humankind, only you have the technology to lead the fightback. Equipped with the upgraded Nanosuit 2.0, customize your suit and weapons in real time and unlock powerful new abilities in the battle for humanity's survival.* Crysis 3 Remastered: Returning to the fight as super soldier Prophet, the search for the alien Alpha Ceph continues, but now you must also expose the truth behind the C.E.L.L. corporation, which has turned New York City into a sprawling urban rainforest sheltered by a giant nanodome. Fight through seven distinct districts and decimate your opponents in a blaze of brute force using the Nanosuit's superior technology, or use stealth to achieve your goals and become humanity's silent savior. Equipped with your powerful and deadly new Predator Bow, there's no wrong way to save the world.","Crytek","Miscellaneous"
"100","The Life and Suffering of Sir Brante","79","A narrative-driven RPG set in a gritty world where a person's Lot is determined at birth, while the gods are real and preside over the fates of men. Set out on a lifelong journey and carve out your own destiny. Will you become a judge, an inquisitor, or conspire against the old order? You decide!
","Sever","Adventure"
